{
  "project_info": {
    "project_number": "864578282644",
    "project_id": "vendor-app-c0f64",
    "storage_bucket": "vendor-app-c0f64.firebasestorage.app"
  },
  "client": [
    {
      "client_info": {
        "mobilesdk_app_id": "1:864578282644:android:595474b9748066597c4081",
        "android_client_info": {
          "package_name": "com.dbvertex.vendorApp"
        }
      },
      "oauth_client": [
        {
          "client_id": "864578282644-bgq431jbvtnlbspjmnhmhht0v6frelkj.apps.googleusercontent.com",
          "client_type": 1,
          "android_info": {
            "package_name": "com.dbvertex.vendorApp",
            "certificate_hash": "399e8b8810a1b2b508e977aa2c15d90fe4ff5803"
          }
        },
        {
          "client_id": "864578282644-n9pvbl565t6p94hgva4imejetjhe0n2v.apps.googleusercontent.com",
          "client_type": 3
        }
      ],
      "api_key": [
        {
          "current_key": "AIzaSyBBsZ7jj-WtpsPdC1gD7iapTFF3pMyDIMA"
        }
      ],
      "services": {
        "appinvite_service": {
          "other_platform_oauth_client": [
            {
              "client_id": "864578282644-n9pvbl565t6p94hgva4imejetjhe0n2v.apps.googleusercontent.com",
              "client_type": 3
            }
          ]
        }
      }
    }
  ],
  "configuration_version": "1"
}